---------------------------------------------------
-- ENGLAND (51 cities)
---------------------------------------------------
INSERT INTO locations (country_code, city_name, slug) VALUES
('uk', 'Bath', 'bath'),
('uk', 'Birmingham', 'brum'),
('uk', 'Bradford', 'brad'),
('uk', 'Brighton and Hove', 'btn'),
('uk', 'Bristol', 'bri'),
('uk', 'Cambridge', 'cam'),
('uk', 'Canterbury', 'cant'),
('uk', 'Carlisle', 'carl'),
('uk', 'Chelmsford', 'chf'),
('uk', 'Chester', 'ches'),
('uk', 'Chichester', 'chi'),
('uk', 'Colchester', 'colc'),
('uk', 'Coventry', 'cov'),
('uk', 'Derby', 'derb'),
('uk', 'Doncaster', 'don'),
('uk', 'Durham', 'dur'),
('uk', 'Ely', 'ely'),
('uk', 'Exeter', 'exe'),
('uk', 'Gloucester', 'glos'),
('uk', 'Hereford', 'her'),
('uk', 'Kingston upon Hull', 'hull'),
('uk', 'Lancaster', 'lan'),
('uk', 'Leeds', 'lds'),
('uk', 'Leicester', 'lei'),
('uk', 'Lichfield', 'lich'),
('uk', 'Lincoln', 'lin'),
('uk', 'Liverpool', 'liv'),
('uk', 'London', 'ldn'),
('uk', 'Manchester', 'mcr'),
('uk', 'Milton Keynes', 'mk'),
('uk', 'Newcastle upon Tyne', 'ncl'),
('uk', 'Norwich', 'nor'),
('uk', 'Nottingham', 'ngm'),
('uk', 'Oxford', 'oxf'),
('uk', 'Peterborough', 'pbo'),
('uk', 'Plymouth', 'ply'),
('uk', 'Portsmouth', 'pom'),
('uk', 'Preston', 'pre'),
('uk', 'Ripon', 'rip'),
('uk', 'Salford', 'salf'),
('uk', 'Salisbury', 'sali'),
('uk', 'Sheffield', 'shef'),
('uk', 'Southampton', 'so'),
('uk', 'Southend-on-Sea', 'sos'),
('uk', 'St Albans', 'stal'),
('uk', 'Stoke-on-Trent', 'sot'),
('uk', 'Sunderland', 'sun'),
('uk', 'Truro', 'tru'),
('uk', 'Wakefield', 'wak'),
('uk', 'Wells', 'wells'),
('uk', 'Winchester', 'win'),
('uk', 'Wolverhampton', 'wlv'),
('uk', 'Worcester', 'wor'),
('uk', 'York', 'yor');

---------------------------------------------------
-- SCOTLAND (7 cities)
---------------------------------------------------
INSERT INTO locations (country_code, city_name, slug) VALUES
('uk', 'Aberdeen', 'abd'),
('uk', 'Dundee', 'dnd'),
('uk', 'Dunfermline', 'dunf'),
('uk', 'Edinburgh', 'edi'),
('uk', 'Glasgow', 'gsw'),
('uk', 'Inverness', 'inv'),
('uk', 'Perth', 'per');

---------------------------------------------------
-- WALES (6 cities)
---------------------------------------------------
INSERT INTO locations (country_code, city_name, slug) VALUES
('uk', 'Bangor', 'ban'),
('uk', 'Cardiff', 'cdf'),
('uk', 'Newport', 'nwp'),
('uk', 'St Asaph', 'stas'),
('uk', 'St Davids', 'std'),
('uk', 'Swansea', 'swa');

---------------------------------------------------
-- NORTHERN IRELAND (5 cities)
---------------------------------------------------
INSERT INTO locations (country_code, city_name, slug) VALUES
('uk', 'Armagh', 'arm'),
('uk', 'Belfast', 'bfs'),
('uk', 'Derry', 'derry'),
('uk', 'Lisburn', 'lis'),
('uk', 'Newry', 'nry');

---------------------------------------------------
-- IRELAND (5 cities)
---------------------------------------------------
INSERT INTO locations (country_code, city_name, slug) VALUES
('ie', 'Dublin', 'dub'),
('ie', 'Cork', 'crk'),
('ie', 'Limerick', 'lim'),
('ie', 'Galway', 'gwy'),
('ie', 'Waterford', 'wtf');

